kansas city rd,1
jaipur,1
paris,1
davao del sur,1
rwanda,1
west africa,1
alberta,2
maryland,4
ghana,2
assam,1
norfolk,1
philippines,2
puebla,2
alicante,1
warrensburg,1
larnaka,1
jamaica,3
kang crescent,1
bogota,1
guelma,1
training school,1
vijay nagar,1
iran,1
bangkok,2
school of environmental sciences,1
china,4
ukraine,2
mauritius,2
ntpc township,1
north sumatera,1
great falls,1
california,21
behind new alka restaurant,1
taipei,1
myanmar,1
egypt,2
austria,2
lagos,3
new zealand,1
lima,1
saudi arabia,2
silver spring,1
athens,2
france,3
makerere university kampala,1
aragua,1
peru,4
india,23
desa kudukeras rt,1
hig duplex,1
connecticut,1
central university of gujarat,1
bedford,1
barrio del ni,1
kampala,1
islamabad,1
nebraska,1
russian federation,7
cad,1
addis ababa,2
kalubiya,1
niagara,1
maunaloa,1
new delhi,3
stuebner airline rd spring,1
quezon city,1
torino,1
louisville,1
point dr,1
idaho,3
faisalabad,2
3024 am,1
mesa,1
ulaanbaatar,1
ankara,2
shakti heights,1
c/ compositor,1
tallahassee,1
san miguel,1
rhode island,2
walchand college of engineering,1
london,5
rockport,1
japan,5
newport news,1
e.h. nicodemus,1
berwyn,1
lithuania,1
johannesburg,1
denver,1
united kingdom,17
damascus,1
peking university,1
argentina,1
norway,4
texas,9
washington,5
burhanaddin,1
"foskett st
somerville",1
michoacan,1
"christina fasching
trambauerstra",1
taichung,2
netherlands,6
multan,1
tijuana baja california,1
latvia,1
sri lanka,1
medford,1
dulles,1
cachar,1
bandar puchong,1
ogresgals,1
canada,2
network,11
nepal,1
cavaleiros,1
tallinn,1
bld,1
bhopal,1
duggan court,1
henderson nv,1
british columbia,1
shing court,1
albuquerque,1
hiram,1
costa rica,1
belgique,2
mequon,1
ohio,2
rashid town,1
"drive
weston",1
"lane
newton",1
country club,1
baleno,1
parasitology & entomology unit,1
florida,5
canterbury,1
"bishkek
district",1
van nuys,1
hyderabad,2
romania,2
"van ness
san francisco",1
veronica path,1
colombia,3
city,2
arlington,1
vitoria,1
north carolina,3
kutztown,1
new york,7
beaconsfield,1
nigeria,6
tan phu,1
ecuador,2
beacon st #24a,1
sebastopol,1
ncr,1
pierre vilar,1
"c
insot building",1
"campus drive
east setuaket",1
youngstown,1
sweden,1
niskayuna,1
stockport,1
russia,3
prospect,1
indonesia,4
boston,1
greece,4
kingsport,1
worcester,1
rochester,1
abu dhabi,1
public health university of indonesia,1
scotland,1
carson city nv,1
santiago,1
norman,1
tavistock square,1
dagon township,1
skopje,1
montana,2
germany,7
brno,1
mississauga,1
wichita,1
ferry st lawrence,1
uttar pradesh,1
eduardo dominguez,1
hungary,2
sancho el fuerte,1
surabaya,1
cebu,2
lansing,1
edmonton,1
bahrain,1
marshfield,1
woodbury,1
new york city,1
michigan,1
lviv,1
guatemala,3
allahabad,1
bradenton,1
ibadan,1
floor ombudsman bldg.,1
denmark,1
lexington,1
whitefish,1
croatia,1
u.s. securities and exchange commission,1
switzerland,1
salt lake city,1
albania,1
san salvador,1
milwaukee,1
lisboa,1
institute of marine sciences and fisheries,1
brazil,7
hess,1
michelin,1
homewood,1
ave miami,1
toledo,1
united arab emirates,1
amora,1
armenia,1
"college
mansfield road",1
ceske budejovice,1
c,1
bristol,1
fairway trail,1
pakistan,5
guadalupe borja,1
fort bragg,1
tennessee,1
turkey,1
(+504) 3395-5605,1
f tak kei building,1
bolivar,1
ireland,2
"m67
newberry",1
wigville,1
abuja,1
newbury,1
marcellus,1
liverpool,1
algeria,1
ardleigh park retreat,1
chile,2
valley stream,1
spain,1
don galo,1
georgia,4
buenos ayres,1
kentucky,3
giza,1
antigua,1
south carolina,1
nuevo leon,1
portugal,3
mexico,2
lakeside,1
"washington, dc",3
stroudsburg,1
kenya,2
peshawar kpk,1
albany,1
italy,10
mbaya & associates,1
unity,1
canmore,1
indianapolis,1
singapore,3
kansas city,1
poznan,1
kirk rds,1
vermont,1
pennsylvania,3
poland,8
south africa,1
nagpur,2
alabama,1
lane cove,1
perugia,1
mataram city,1
sofia,1
benin city,1
whispering willow court,1
taiwan,2
redwood city,1
somerville,4
czech republic,2
belfast,1
bowie,1
enfield,1
chisinau,2
australia,8
noida,1
porto,1
utah,1
virginia,1
brookline,1
zimbabwe,2
igbein street grammar school,1
rajasthan,1
belgium,1
lincoln,1
us educational,19
miami,1
orlando,1
durham,1
accra,3
keshav vihar,1
nairobi,1
madrid,1
lebanon,2
malaysia,1
cleveland,1
qatar,1
palencia,1
sudan,1
mutah university,1
lahore,3
non-profit,3
san jose,1
batangas,1
clarendon,1
bp,1
bangalore,3
port-au-prince,2
culver city,1
western australia,1
korea (south),1
thorntonloch holdings,1
miradero hills,1
maharashtra,2
cambridge,2
colorado,1
"isfahan university of technology, isfahan",1
united states,778
ln washingtonville,1
park crescent new westminster bv,1
ishou university/ school of medicine for international students,1
bangladesh,2
new jersey,4
slovakia,1
matale,1
sinai,1
brooklyn,3
rajkot,1
springville,1
"qatar university, doha",1
memphis,1
rita hagan,1
louisiana,1
morocco,1
tanzania,2
dong da,1
av,4
indira gandhi,1
gainesville,1
illinois,2
pasadena,1
benguet,1
rt,1
andhra pradesh,1
kansas,3
hawthorne,1
cabagan,1
massachusetts,6
queensland,1
palembang,1
phnom penh,1
yowie bay,1
kiev,1
leslie land,1
makati city,1
post office,3
vietnam,2
biotechnology,1
